Filename,SDS_Score,Is_SDS,Is_Scanned,Language,SDS_Confidence,Issue_Date,Date_Valid,Days_Until_Expiry,Status
"001-2022_01043784_sds_rsp5064s_04822050641_de_de_20190401.pdf",98,True,False,"German","Very High","01.04.2019",False,-1574,"EXPIRED (1574 days ago)"
"001-2023_01043948_kemstrip_015-sds-german-clp-europe.pdf",89,True,False,"German","High","17.10.2022",False,-279,"EXPIRED (279 days ago)"
"002-2020_01043566_IP9064-CAT-MAT - SDB.pdf",83,True,False,"German","High","07.08.2019",False,-1446,"EXPIRED (1446 days ago)"
"002-2020_01043566_SDB_IP9064-CAT - SDS10009 - 49.pdf",84,True,False,"German","High","24.09.2018",False,-1763,"EXPIRED (1763 days ago)"
"002-2021_01043694_Wasserstoffperoxid  35 10010014__MSDS__DE__DE__DE01.pdf",97,True,False,"German","Very High","09.02.2018",False,-1990,"EXPIRED (1990 days ago)"
"002-2023_01043949_A 96 SDB.pdf",89,True,False,"German","High","20.08.2018",False,-1798,"EXPIRED (1798 days ago)"
"003-2020_01043567.pdf",88,True,False,"German","High","10.04.2019",False,-1565,"EXPIRED (1565 days ago)"
"003-2021_01040685_document.reader_ger.pdf",101,True,False,"German","Very High","05.12.2017",False,-2056,"EXPIRED (2056 days ago)"
"003-2021_01040685_safety dowsil.pdf",101,True,False,"German","Very High","05.12.2017",False,-2056,"EXPIRED (2056 days ago)"
"003-2023_01043950_addicap_2_SDS_english-CLP-EUR.pdf",0,None,True,"Unknown (Scanned)","Unknown (Scanned)","",False,None,"No dates found"
"003-2024_01044094_Sicherheitsdatenblatt_PartA&B.pdf",96,True,False,"German","Very High","19.06.2023",False,-34,"EXPIRED (34 days ago)"
"003-2024_01044094_Sicherheitsdatenblatt_PartB.pdf",0,None,True,"Unknown (Scanned)","Unknown (Scanned)","",False,None,"No dates found"
"003-2025_10003196_1079863_Magnaflux a Divisio_Zyglo ZL-37_DE-de_v4_0.pdf",98,True,False,"German","Very High","02.04.2024",True,254,"Valid (254 days remaining)"
"004-1993_01016051_2124.PDF",0,None,True,"Unknown (Scanned)","Unknown (Scanned)","",False,None,"No dates found"
"004-2020_01043568_SDB.pdf",88,True,False,"German","High","18.04.2019",False,-1557,"EXPIRED (1557 days ago)"
"004-2021_01043695_Sicherheitsdatenblatt.pdf",0,None,True,"Unknown (Scanned)","Unknown (Scanned)","",False,None,"No dates found"
"004-2024_01044095_Sicherheitsdatenblatt_PartA&B.pdf",96,True,False,"German","Very High","03.08.2023",True,11,"Expires soon (in 11 days)"
"004-2025_10003867_1089074_Magnaflux, a Divisio_Zyglo ZL-27A_DE-de_v4_0.pdf",98,True,False,"German","Very High","10.04.2024",True,262,"Valid (262 days remaining)"
"004-2025_10003867_1320948_Magnaflux a Divisio_Zyglo ZL-27A Aerosol_CH-de_v4_0.pdf",99,True,False,"German","Very High","11.09.2024",True,416,"Valid (416 days remaining)"
"005-2020_01043569_SDB.pdf",90,True,False,"German","Very High","",False,None,"No dates found"
"005-2021_01043696_SDB.pdf",0,None,True,"Unknown (Scanned)","Unknown (Scanned)","",False,None,"No dates found"
"005-2024_01044096_SDS_Fastblock100_EN.pdf",87,True,False,"English","High","",False,None,"No dates found"
"005-2025_10002843_1079831_Magnaflux a Divisio_Magnaglo 14A_DE-de_v4_0.pdf",96,True,False,"German","Very High","02.04.2024",True,254,"Valid (254 days remaining)"
"006-2020_01043570_DE-ZYGLOZL-2CCLPSDSVER17-2-22-08-2018.pdf",99,True,False,"German","Very High","22.08.2018",False,-1796,"EXPIRED (1796 days ago)"
"006-2021_01043698_01 Sparvar Acrylharzlack 2021 CLP DE.pdf",120,True,False,"German","Very High","01.01.2021",False,-933,"EXPIRED (933 days ago)"
"006-2022_01043729_MOBIL SHC 626 - SDB.pdf",85,True,False,"German","High","18.12.2020",False,-947,"EXPIRED (947 days ago)"
"006-2024_01044097_Loctite EA 9492 DC50ml_20231201.pdf",93,True,False,"German","Very High","01.12.2023",True,131,"Valid (131 days remaining)"
"006-2025_10002813_1079828_Magnaflux a Divisio_Carrier II_DE-de_v4_0 (1).pdf",99,True,False,"German","Very High","02.04.2024",True,254,"Valid (254 days remaining)"
"006_2016_10002977_Rockhard_Thinner.pdf",0,None,True,"Unknown (Scanned)","Unknown (Scanned)","",False,None,"No dates found"
"007-2020_01043572_SDB-P077-DE-DE.pdf",85,True,False,"German","High","12.10.2015",False,-2841,"EXPIRED (2841 days ago)"
"007-2021_01043699_GSAP_msds_02217182.pdf",98,True,False,"German","Very High","20.01.2021",False,-914,"EXPIRED (914 days ago)"
"007-2024_01044098_skyrestore_406-sds-german-clp-europe.pdf",89,True,False,"German","High","10.10.2023",True,79,"Valid (79 days remaining)"
"007-2025_01044235_DE20583.pdf",78,True,False,"German","High","21.01.2022",False,-548,"EXPIRED (548 days ago)"
"007_016-2022_MSDS DACRYLATE QD-ANTI CORROSION PRIMER 98-Line de.pdf",102,True,False,"German","Very High","22.09.2015",False,-2861,"EXPIRED (2861 days ago)"
"008-2021_01043700_Rustilo DWX 30 - Sicherheitsdatenblatt - GER.pdf",94,True,False,"German","Very High","08.10.2020",False,-1018,"EXPIRED (1018 days ago)"
"008-2023_01043954_PR 812_Part A_2022_10_26.pdf",93,True,False,"German","Very High","26.10.2022",False,-270,"EXPIRED (270 days ago)"
"008-2023_01043954_PR 812_Part B_2022_11_05.pdf",93,True,False,"German","Very High","05.11.2022",False,-260,"EXPIRED (260 days ago)"
"008-2024_01044099_skyrestore_407_gel-sds-german-clp-europe.pdf",89,True,False,"German","High","10.10.2023",True,79,"Valid (79 days remaining)"
"009-010-2020_01040590-1_SDB.pdf",88,True,False,"German","High","",False,None,"No dates found"
"009-2012_10004367_GP 109.pdf",0,None,True,"Unknown (Scanned)","Unknown (Scanned)","",False,None,"No dates found"
"009-2021_01043701_SDS_10509_-_DUPLICOLOR_Lackstifte_alle_Farbtöne_DE-DE.pdf",97,True,False,"German","Very High","08.05.2019",False,-1537,"EXPIRED (1537 days ago)"
"009-2025_01044238_000000000000406303_000000048736_MSDS_UT_DE_DE.PDF",89,True,False,"German","High","03.07.2024",True,346,"Valid (346 days remaining)"
"009-2025_01044238_BONDERITE S-MA 522 SDS_20kg.pdf",89,True,False,"German","High","03.07.2024",True,346,"Valid (346 days remaining)"
"010-2017_01041673_MSRR1029_Loctite510_SDS_062015.pdf",95,True,False,"German","Very High","22.06.2015",False,-2953,"EXPIRED (2953 days ago)"
"010-2018_10001776_IP9064-9000 - SDS10007 - 44.pdf",93,True,False,"English","Very High","05.04.2017",False,-2300,"EXPIRED (2300 days ago)"
"010-2018_10001776_SDB_DE_Version5_2014.pdf",91,True,False,"German","Very High","02.01.2014",False,-3489,"EXPIRED (3489 days ago)"
"010-2021_01043702_SDS_10509_-_DUPLICOLOR_Lackstifte_alle_Farbtöne_DE-DE (3).pdf",97,True,False,"German","Very High","08.05.2019",False,-1537,"EXPIRED (1537 days ago)"
"010-2023_01043956_sdb_kem_50_uv_DE.pdf",88,True,False,"German","High","09.07.2022",False,-379,"EXPIRED (379 days ago)"
"010-2025_01044237_TOLUENE SDS.pdf",94,True,False,"German","Very High","23.10.2024",True,458,"Valid (458 days remaining)"
"109-2022_01043210_SDB.pdf",93,True,False,"German","Very High","12.07.2024",True,355,"Valid (355 days remaining)"
"111-2025_01044338_SDB_CARE_Lecksuchspray_CARELS04.pdf",122,True,False,"German","Very High","04.11.2024",True,470,"Valid (470 days remaining)"
"114-2025_01044341_SDB.pdf",90,True,False,"German","Very High","24.10.2023",True,93,"Valid (93 days remaining)"
"115-2022_10001790_IP9151_DEU_DE.pdf",95,True,False,"German","Very High","05.01.2024",True,166,"Valid (166 days remaining)"
"115-2025_01044342_SDB.pdf",93,True,False,"German","Very High","24.06.2025",True,702,"Valid (702 days remaining)"
"117-2022_10002356_345545_MSDS_ARALDITE-MY750-1KG_DE_2023.pdf",95,True,False,"German","Very High","11.01.2023",False,-193,"EXPIRED (193 days ago)"
"119-2025_01044345_SDB.pdf",98,True,False,"German","Very High","10.03.2025",True,596,"Valid (596 days remaining)"
"120-2022_10002371_SDB.pdf",93,True,False,"German","Very High","27.04.2024",True,279,"Valid (279 days remaining)"
"121-2025_01044347_SDB.pdf",98,True,False,"German","Very High","07.12.2023",True,137,"Valid (137 days remaining)"
"127-2022_10002785_SDB.pdf",95,True,False,"German","Very High","24.04.2024",True,276,"Valid (276 days remaining)"
